Feature  0,Feature  1,target
0.9728379437451099,-0.499515156,1
1.8484490469158659,0.025040179,1
-0.129003997,1.0143979207613707,0
-0.167435718,1.043273750081865,0
-0.390084022,0.9131584923489593,0
0.076205701,0.049514469,1
0.770233433,-0.476949452,1
-1.044738871,0.082291279,0
1.5681805341305648,-0.309543226,1
0.49327617,0.8868745497432767,0
0.1650574828875055,0.004483111,1
1.9683405193473382,0.2658005690614443,1
-0.960748475,0.2554143303970019,0
1.9024537157383572,0.060617528083980445,1
1.0122891109477865,0.29258743012451516,0
1.5343119242658452,-0.347972027,1
1.9762117354620972,0.41893468635824577,1
-0.81192047,0.5295316569392485,0
-0.233173965,0.9621134531737134,0
0.975126541,0.24008866817013413,0
1.2803259659799209,-0.419629079,1
1.0930452055412645,-0.482736792,1
1.232184278284072,-0.49324882,1
1.4863755526703064,-0.396468136,1
1.894670125036773,0.17843123527259272,1
-0.249905599,0.9805435688310206,0
2.039950919571235,0.2923207612935759,1
1.9333403245949403,0.35871800348029237,1
1.481828493768514,-0.362531219,1
1.636217448165924,-0.323416913,1
0.8726739304296308,-0.437461792,1
-0.869575329,0.5484683761630241,0
1.7212251247299333,-0.321433466,1
0.5716309137996315,-0.370148272,1
0.6604488836966529,0.7744248186667296,0
0.14270138490038586,0.9276880221420931,0
-0.197579782,1.0376755565645055,0
-0.249651176,1.0187830111211382,0
0.941486891,-0.46776618,1
0.9254051905146731,0.2956704851047249,0
1.806802451767452,0.03400761,1
-0.20907533,0.9171607298269226,0
1.7362356496074747,-0.099644134,1
0.1322951496456851,0.074347167,1
0.7562708155015307,-0.354428498,1
0.025091263,1.004017945878561,0
0.031903317391721954,0.9398741519743368,0
0.2527785914070327,0.963663299,0
-1.031012433,0.10136114053681622,0
0.4858769092667485,-0.429572686,1
-0.93061438,0.5417665456310193,0
-0.723706848,0.7762953659135338,0
1.0871999028869233,-0.547655172,1
1.7034227099848553,-0.338132657,1
-0.668928783,0.7276718227837634,0
-0.963156174,0.2305117099779782,0
0.9321029270187665,0.2850209983311039,0
-0.404965032,0.9220348987733195,0
0.28990901139670505,1.0123478525928087,0
0.1852948549497035,-0.099565107,1
-0.963390897,0.45193322267690145,0
-0.642726783,0.6792426072764061,0
-0.399653922,0.8971987234024259,0
0.8915034523353327,0.22197330456076445,0
0.078518465,0.2745512665479199,1
-0.471732629,0.8652989174129867,0
0.27777800226076044,1.0076421519946985,0
0.954537253,-0.4166794,1
1.5100984867510594,-0.379473882,1
0.7239922837042506,0.7235083012358611,0
0.3092818669654022,1.0244074728710322,0
0.1959183382403478,0.074842598,1
0.12327104843824593,0.38335764837379205,1
0.3459409509393147,1.0113104102723538,0
-0.89949704,0.15636745511751404,0
1.842984251806396,-0.100385863,1
-0.803229183,0.36680337790760437,0
-0.597624707,0.7133165656703429,0
-0.326346851,0.9536643453694359,0
0.24357115884652564,-0.189373113,1
0.5638977444660561,-0.368893781,1
0.9681263511025404,0.2760398226880777,0
0.5259129886096883,0.8070654107493279,0
-0.000417063,0.229428945,1
0.063341549,0.20166573478296382,1
1.0196273867865677,0.25553255,0
-0.744209503,0.6195333573277969,0
0.2561371404919698,-0.087725796,1
0.047755412521354255,0.6305338975671848,1
0.2398538011555769,-0.169135172,1
0.9800269879075159,-0.572322998,1
0.5755022123048377,0.8823439766362152,0
0.3532377176358188,0.8493859536019532,0
1.8847453889840122,-0.009964108,1
0.7326064215952042,-0.438919359,1
-0.44822757,0.9748845730442265,0
-0.131337379,1.0405424870252393,0
0.8813766576586072,0.37709184222981784,0
1.1503832828923188,-0.489733322,1
-0.126392684,0.9896817505546398,0
0.5282069601350096,-0.415936637,1
-0.899263954,0.18636244359624302,0
1.053246932599036,-0.534887056,1
0.7872457971299766,-0.566917215,1
-0.405662218,0.9477578751275546,0
0.9127041745586965,0.15587558510563668,0
0.9911928383515298,0.2299749881737879,0
1.0565638899488738,-0.521192475,1
1.0929020147982955,0.066822306,0
0.12405886369539391,-0.054228788,1
-0.402605133,0.907634413,0
1.7053886116350232,-0.235090363,1
-0.929632092,-0.063500427,0
0.5913953638817949,0.7165707856479929,0
0.9031283536201149,0.545484861,0
-0.163690582,0.9677922481098693,0
0.11959984967680763,0.3340229102666167,1
0.7457530817035163,0.6252217709213528,0
0.893364295,0.4399818837727012,0
0.8163088623990289,-0.515140764,1
0.5369928730404566,-0.297362913,1
1.8823097140425302,-0.045268916,1
1.873703594405689,0.21575557744798476,1
-0.275134483,1.000256006027334,0
0.776878334,0.5621206933878565,0
1.4427364417790087,-0.392191746,1
1.6296472165649276,-0.281838344,1
-0.034773103,0.47388327243507655,1
1.3754828934479166,-0.503087345,1
-0.361406173,0.9432340529629774,0
1.4860093896603737,-0.370662027,1
0.9268564736987236,0.33530823977901564,0
0.546723737,-0.367917856,1
2.0245845661568826,0.5117771910998069,1
-0.826549141,0.726320365,0
1.0151428458283196,0.007292975,0
-0.440379948,0.8570767675794376,0
0.089483287,0.9693406027208018,0
0.5127002721375135,-0.403891549,1
0.45423571748885855,0.9055186337950392,0
1.257113624801863,-0.423707782,1
0.404633094,0.9546499577579577,0
2.0430391563797436,0.32442188781606246,1
0.6007467966805126,0.7651497102840152,0
-0.714015497,0.7363176171370118,0
1.7515895833286839,-0.314213956,1
-0.920330333,0.3409567688521598,0
0.489699468,-0.370543267,1
0.15900543168142472,0.9914566424793463,0
0.072452882,0.40106924464058247,1
1.9872548689742842,-0.055879053,1
1.2418082945649915,-0.437733637,1
0.2755587666279506,-0.323928381,1
2.0716550821699755,0.37828360162604874,1
-0.584568076,0.8958443085418507,0
1.9386862645599634,0.25766640503188576,1
1.196153393973225,-0.462842037,1
0.6816243559197214,0.6457552539329449,0
-0.00072383,0.9928438755907434,0
1.0032995724189495,0.1238803220726338,0
-0.07073025,0.9987938744508964,0
0.130469796,1.030311168718465,0
0.557060344,-0.407688107,1
1.880858663876105,0.17836236334637312,1
0.8586696987338601,0.41423296468769294,0
0.9174346571600079,0.4536250263379432,0
1.9700587279820387,0.41329300018200954,1
0.6722325702658084,-0.42770273,1
0.36931790959566824,-0.242021042,1
0.000783127,0.8858882850944154,0
0.5328155649390607,0.9664205681716196,0
0.9595105031075704,-0.473184919,1
-0.555389277,0.8885015780983778,0
-0.94196653,0.19139356303869473,0
0.8751452062795368,0.5869414140202487,0
0.4953690667014931,0.7898812384532078,0
0.9906081834870628,-0.476153219,1
-0.909330131,0.30582897082326865,0
-0.464160041,0.9216665825897199,0
1.629700082,-0.239356328,1
0.43047114575746737,0.8961442028601655,0
-0.641141924,0.5499616969258729,0
0.6315112879461705,0.7053539842925947,0
0.9559885367942463,0.1016677005928463,0
1.6619581232337413,-0.147645469,1
0.007355558,0.24699704556138186,1
0.4686036777612782,-0.394922859,1
0.056353852,1.045774983251016,0
0.6922552211987758,-0.575467135,1
1.858178725,-0.117842452,1
-0.836077247,0.7095935171524943,0
0.16906297344259505,-0.030946061,1
1.7857696619442425,-0.232236283,1
1.6665076451051017,-0.084557812,1
0.23224392600626143,-0.279252782,1
0.7241289633230318,0.7356509212574909,0
0.23893045008034539,-0.070288145,1
0.3291784379606332,0.9175357172341002,0
0.031784466682522376,0.40119882516620975,1
-0.182344189,1.0284770401142578,0
0.3218517726734155,-0.30163565,1
-0.830251114,0.5414988734305733,0
-0.287243969,0.9503979654682169,0
-0.407890566,0.9384340387982005,0
1.2646811781028149,-0.446937229,1
0.2643031910605919,-0.186139072,1
0.6150791290026527,0.6299581914103918,0
-1.067705455,0.2844510147035093,0
0.060743551,1.034611887694715,0
0.068425797,0.076009898,1
1.0059545059405952,0.2268656674355951,0
1.2169300063697237,-0.429283493,1
-0.059929596,0.4383683754827718,1
1.9354338807299687,0.1963250607929447,1
0.3814604203842297,0.8292738973813786,0
0.13889709542260703,0.9101809341297041,0
1.3624009925082319,-0.380181671,1
-0.371345715,0.8926723684211422,0
1.8544092434473614,-0.0434829,1
0.675821855,0.6148333267838818,0
1.4763156920743743,-0.51657564,1
0.30926277262917123,-0.090391664,1
-0.91097272,0.038176918,0
-0.74921636,0.6597148193339829,0
0.5829724572337006,0.8412350092501724,0
-0.287728388,0.9522934673884518,0
0.9559845941329912,0.25696031571474487,0
1.0181597419931023,0.15284596901568978,0
1.3251692996517186,-0.389793363,1
1.8478663188923354,0.057431403,1
0.8005566084157232,-0.638441164,1
-0.236093335,0.9695874125223963,0
-1.015110894,0.1197522658411185,0
1.1145752818144394,-0.489554477,1
0.5008051379525608,-0.345361748,1
0.6950317482643696,-0.463108652,1
1.7329233651690403,-0.180078024,1
1.3842494925286823,-0.378702983,1
1.4431091027081395,-0.468516658,1
2.009503506859556,0.3564296398802633,1
-0.88707998,0.4280089557224149,0
0.7256979485038132,-0.428334493,1
0.09477612,0.093096878,1
0.9910765666623208,0.4708271083026808,0
-0.650253104,0.7524503447606744,0
-0.629910673,0.7744313331220718,0
1.848581992064014,-0.077324175,1
1.2417716752593886,-0.446540376,1
1.308247287366001,-0.527897189,1
-0.856965251,0.37365059325518607,0
0.5365039658869758,-0.421280606,1
0.4453228685850494,0.9003781508710577,0
1.759966645975616,-0.134728317,1
-0.801372563,0.47412419696013414,0
0.7482900913826722,-0.401023528,1
0.439511656,-0.371889812,1
0.061441720279297944,0.9752037168638356,0
-0.840244175,0.6507702604193293,0
0.3169998965384792,-0.327726918,1
1.1685508900220065,-0.374685258,1
1.0557112629528467,-0.518847434,1
0.58541218,0.7740422286530965,0
-0.778914773,0.6588869685345169,0
0.354618868,-0.225266011,1
1.9890315957360991,0.2389008483075149,1
1.150892579624643,-0.505977678,1
-0.790120628,0.6261944385476713,0
0.6723760936250283,0.7913280516220279,0
0.668178342,-0.48251608,1
0.11354415114145736,-0.098853649,1
0.083867571,1.044744026133679,0
0.9690487110023851,0.25384259987696484,0
0.3350759277106554,1.016754132636255,0
1.9701579180534556,0.28832623294505266,1
0.075621608,0.092609872,1
1.5033072915269419,-0.454125553,1
1.9045786867812853,0.12567933963463446,1
1.4098114036232436,-0.42842528,1
0.025155733533548073,0.9636309826950201,0
1.8292996918386397,-0.103406478,1
1.308128598912917,-0.441832303,1
1.6406825448238225,-0.273737818,1
1.4838822554295201,-0.402699948,1
-1.021291084,0.16910319888475378,0
0.5087404700587633,0.8256262683863388,0
-0.811223074,0.5208467830499275,0
0.7988666937328319,0.7536441870242917,0
1.5461907760373508,-0.390461459,1
0.9309130017688276,0.29429598663497186,0
1.8133748775061704,0.1607078040988611,1
-0.829131284,0.5572054372097377,0
1.142267491538742,-0.465659461,1
0.8775241680612071,0.44880791500776274,0
1.6308482870856837,-0.322814969,1
0.023023028,0.29153808493081124,1
0.3786638756845189,-0.298708459,1
-0.043631959,0.30762598027559074,1
1.5484382436779096,-0.349547305,1
1.0653298109959595,-0.448818576,1
0.1342782985828601,0.20958499251519003,1
-0.015328146,0.9653887105061995,0
-0.693082946,0.7719373846498491,0
1.9509958630806994,0.38620585369035276,1
0.9877665239289501,-0.456017534,1
0.1672940404285799,0.9898488863454575,0
0.10669152591814166,1.0086486145300335,0
1.939075850149648,0.43804398591112714,1
0.6764031272894357,-0.408490059,1
-0.957566592,0.19233577493258344,0
0.13454309268910547,0.9531112294057752,0
-0.209664928,1.0148295900944788,0
1.5281250324360132,-0.423898017,1
-0.188579952,1.037002875867444,0
-0.923306441,0.5603489679058639,0
1.0253531288386561,-0.367142963,1
-0.943198188,0.30924727776405475,0
-0.931191292,0.2726216986568312,0
0.056749337,0.5098451982288944,1
0.4788746028970881,0.9360695449073659,0
0.8188572756291427,-0.491535664,1
0.31094540398942405,-0.203870781,1
1.2171716790008524,-0.434387933,1
-0.923144075,0.28949540840384447,0
0.051153409,0.068472603,1
0.076483239,0.2544743671121132,1
2.0733872507611677,0.32467278487479473,1
0.924657018,0.33710401168875387,0
1.9347482224563635,0.1841843362508016,1
0.5689276117415981,0.8794267489421407,0
0.34350707616857046,0.9366846415727493,0
2.052262686,0.3618910119078103,1
0.19494390816857385,-0.101878743,1
2.0275228949780537,0.4585352591160007,1
0.3082635567638862,-0.298596165,1
-0.602147788,0.755485737,0
0.46929410928328774,-0.432292257,1
0.6389242734506763,0.8439087610148396,0
0.8458129336110115,0.42942128104033517,0
-0.95146223,0.4309252622526944,0
-0.739985289,0.5941876807354928,0
0.7604817138184726,0.5979028478927794,0
-0.587590286,0.8656088521452542,0
0.8901849884660749,-0.444295476,1
1.1851641410100604,-0.541805351,1
0.8524715137907786,-0.63730179,1
0.4719504612897994,-0.331774145,1
0.41210295544169917,1.001763619895555,0
0.12301223235022007,0.036016945062099084,1
-0.021118827,0.9826935800363906,0
1.3318466043014305,-0.464085271,1
0.9756081571663436,0.12874394552686513,0
-0.630199224,0.703627395,0
0.6331922128067231,0.7835252111623918,0
0.7346691322435069,-0.458247025,1
0.21602614452310392,-0.187823574,1
0.083117272,0.35671482,1
-0.916294451,0.47103761984414716,0
0.26905521853209047,-0.185817951,1
-0.815638937,0.474092094,0
0.6517234269243027,0.7162320437669801,0
-0.999570484,0.20918841521376164,0
0.31356359912625587,-0.175620766,1
1.176220937786849,-0.36562208,1
1.3441841646939936,-0.391928341,1
0.8214255767095809,-0.547028461,1
0.1635844364329217,-0.010383615,1
0.9532057259298478,0.31162021801336387,0
-0.961079591,0.2017304,0
0.955202738,0.13014156330033605,0
1.6888364643027884,-0.276543315,1
0.9046924473537508,0.6523054319248889,0
1.1384883986476564,-0.515589285,1
1.014384803337775,-0.508492679,1
0.3536273260798116,-0.274778213,1
0.802279033,-0.473233913,1
0.075668255,0.22872983144045966,1
1.409289196036955,-0.446217137,1
1.8901695197653068,0.4185643896954402,1
1.9717122639913292,0.292111429,1
0.7709189845453406,0.722667521,0
1.7743736856035022,-0.044957108,1
1.5669730845757222,-0.353937779,1
0.7443782012526686,-0.336897775,1
0.31516332427019705,-0.275930135,1
3.378299667788909e-08,0.15088620220205923,1
0.022296553914078237,1.0592201710596698,0
1.1082278890151844,-0.527725342,1
1.297070393626099,-0.496713959,1
0.092891113,0.967247126,0
0.5251160298737436,-0.423349034,1
-0.884483802,0.583179588,0
0.4322776823471897,-0.35346692,1
1.4453853412541244,-0.259041224,1
-0.844577361,0.632486024,0
1.5549944902928152,-0.209036581,1
-0.752815164,0.48411669889280584,0
0.5193125284605168,0.8356004188144482,0
1.9047656258765853,0.027779053,1
2.029976329512431,0.26863116778034835,1
0.018729488900973888,0.41418897997956805,1
0.4018304310271309,-0.34030228,1
-0.198623264,1.0469901865260605,0
1.902505976368955,0.1928515117945947,1
1.378990871053483,-0.398608626,1
0.24912392,0.8984910021525855,0
0.17138414796360685,-0.034001098,1
-0.084109216,0.97370396,0
-0.047523224,1.0539808075715884,0
1.011296987347563,0.19621700472463388,0
1.7840111473479858,-0.073027106,1
1.2159938154579712,-0.48615175,1
0.27133827616821005,0.9428807485976146,0
0.2892314695199383,-0.1657518,1
0.8580956669023544,0.47185834204919125,0
-1.048665073,0.23040371655521852,0
-0.891429666,0.26655647280585243,0
0.9347843979983952,0.4263695515712397,0
0.9776424505242765,-0.485132319,1
-0.990385771,0.3544800494975009,0
1.9111601166210606,-0.015874222,1
0.4097885370045656,0.8375973911219573,0
-0.883086215,0.2676356723796604,0
0.3134050111349238,0.9612899649665273,0
-0.589508263,0.8346011896296543,0
0.29422709479532494,-0.283773789,1
0.48350575238699844,-0.421582198,1
0.28410849730713034,-0.25907362,1
0.054893176,0.981081113,0
0.3438540958766628,0.931071756,0
1.947165429,0.24355550049909108,1
-0.96978271,0.123846496,0
0.9137289814627724,0.6070744566625812,0
0.22638570910048128,1.091942578568782,0
0.30034789931652195,1.0452886263242003,0
-0.684191741,0.7325883877692172,0
-1.001739179,0.081214485,0
0.2159657529200753,-0.144258823,1
0.1231974100932143,0.9690152725979094,0
0.7891540090947577,0.7305261849986265,0
0.36523554143243886,-0.247315051,1
1.0636026651735917,-0.386720182,1
-0.941943503,0.43932521299836513,0
0.5584474406773973,0.743791819,0
1.9275390897353304,0.15476332765338696,1
0.7711910384989682,0.593348048,0
0.8236496306408875,-0.560964956,1
0.4743862886521996,-0.259588291,1
-0.971039093,0.3979162192378518,0
1.2138734933046693,-0.488168953,1
2.0715997107659474,0.48222940580886875,1
-0.376984753,0.9499551552645782,0
-0.615046243,0.7771787152048757,0
0.6266133218744956,0.6945390876641689,0
0.1828561221457799,-0.051536147,1
0.045543259,0.038425731,1
0.7705382820792601,-0.495528399,1
1.321503747396471,-0.428303391,1
0.5834965079826684,-0.53326096,1
1.1139426404764396,0.016601004,0
0.6899924978417473,0.5057466108871409,0
-0.868888159,0.082023052,0
0.4362704580067963,0.9317309010909194,0
0.29114418793251756,0.9877335719238137,0
-0.960883423,0.46794247671572203,0
0.31849720213120425,0.8721482733320631,0
-0.942356736,0.4499331329644161,0
-0.799441448,0.6583806337802179,0
0.6745455045087179,-0.392515678,1
-0.680809853,0.7059110355303395,0
1.7392013412161278,-0.282156849,1
0.8743475401433954,0.5535029167520571,0
0.7788691926868949,-0.52301194,1
0.2340425253971059,0.9344533309023852,0
0.25486994157096665,1.0035189364464057,0
-0.9174802,0.22513894264992396,0
-0.391214445,0.9615208003102511,0
-0.69520909,0.668396852,0
0.8899105223434445,0.5421600818128278,0
-0.607739874,0.8068979244581183,0
-0.575109654,0.9112479274538816,0
1.9258172576546257,0.054890135,1
-0.239427448,1.0136550368378947,0
0.073116417,0.007014349,1
2.0105634818648817,0.2916850939468879,1
0.010530789968476196,0.575943292,1
-0.910633362,0.39096113527825893,0
0.6657059207446367,0.6931558657284993,0
1.5039531811691158,-0.396667904,1
1.6374409943089756,-0.337442172,1
-0.692895595,0.649967639,0
0.057302045008728895,0.9871473616485652,0
0.3480529213135798,-0.199792003,1
1.5852401358050168,-0.231750929,1
1.8545198701862877,-0.041688791,1
1.7462136228510798,-0.218221654,1
-0.7922398,0.5979769475360182,0
-0.86726221,0.5033753149607503,0
0.7061907558699856,0.678232985,0
1.4579995068886649,-0.363402036,1
0.5671310448429405,-0.432236338,1
-0.241384186,1.031056917,0
2.0252918586806645,0.2403305017920355,1
-0.827048966,0.5318848412843374,0
0.9214191664330826,0.4127770193148198,0
-0.85828959,0.5655860571784674,0
1.3247323314185668,-0.452542961,1
0.7386535677053505,0.6068229979664286,0
-0.206253616,1.0361761568135914,0
-0.172089656,0.874598877,0
1.4039358140349523,-0.418247838,1
-0.459904421,0.9137473282518264,0
-0.606059643,0.8501398081241214,0
1.755136023705226,-0.372111756,1
1.9556323346608104,0.2744280017548105,1
0.9510768955336698,-0.448632145,1
-0.272286343,0.9965573270323258,0
0.7355268985454964,0.6130422072867346,0
-0.120701412,1.035200388967539,0
1.645060234,-0.208250949,1
1.7075425708036767,-0.280204178,1
1.8222985757901573,-0.001125127,1
0.7161465641302346,-0.404874646,1
1.0209095972172444,-0.557358813,1
-0.895395558,0.5358695668940845,0
0.079401152,0.058882703,1
0.034771210164546165,0.38346868429587466,1
-0.916558085,0.099065698,0
0.072972248,-0.046321173,1
0.2973421654073388,0.9473200969522655,0
-0.670634571,0.8561386287412421,0
1.840332244278182,-0.010839021,1
0.9435110885041961,0.3434498282970912,0
0.5215604243549152,-0.428010928,1
2.0387155419063454,-0.044564576,1
-0.838826338,0.7604249915115738,0
0.24364442955121277,-0.099251775,1
1.9598057304195953,0.00574292,1
0.8546203523127743,-0.44238674,1
0.41566871276908446,-0.282380494,1
0.4110882023286009,0.956938034,0
1.9509927274824317,0.1663668601006064,1
0.4987743867417088,-0.353722373,1
0.071808961,0.9398445338929073,0
-0.678231994,0.7308224572748531,0
1.9381054244249436,0.1971107482845347,1
0.7959730800976959,-0.395940362,1
-0.834937579,0.6391689573400418,0
-0.332532704,1.0255888817631622,0
-0.008283607,0.9821742190265945,0
0.1424993526928207,0.9943529682080761,0
0.023652928,0.4991344742525074,1
1.7571320636111056,-0.139414127,1
-0.998451924,0.11508678957758109,0
1.8474466619741803,0.10356643925359593,1
-0.696082627,0.6015982392882587,0
0.2486422671281201,1.0750619087162936,0
0.19897481377392381,0.9888587926199995,0
1.6539334333054003,-0.204009463,1
0.27966436,-0.253045031,1
1.0477992888545238,0.11209693039195993,0
0.7749479212753972,0.640354495,0
0.38237690490598847,0.8489988134345546,0
0.018124596254759227,0.17972419213004392,1
2.002757745896167,0.4619352368974855,1
0.027161629605503612,0.3683846228796504,1
0.8167829907882409,0.4778972111015245,0
-0.703384359,0.7730722079254069,0
-0.812268658,0.5532239150411784,0
0.1433797263680241,0.10267653949857165,1
0.10901404927104529,0.4279029401191367,1
-0.822072109,0.8081738237264688,0
0.7964549170728261,0.49884182156730383,0
1.7250923189595535,-0.302124746,1
0.5522409489735309,-0.332882633,1
0.6179689231597719,0.8478997214288853,0
0.34039086174769706,-0.356127958,1
-0.108860839,1.036061122324204,0
0.25038317000920074,0.9889773395421126,0
0.26305605811527055,1.072164303474294,0
0.4999717112657161,-0.36040173,1
0.6132078423638931,-0.418195127,1
-0.892121582,0.334807191,0
2.039409151,0.4237805836546809,1
0.31369728387741824,-0.200513689,1
1.5998211718921622,-0.330364332,1
-0.777133784,0.6900524234765979,0
-0.509341865,0.830490003,0
0.5990552266660243,-0.412881157,1
1.0274255860873474,-0.00541879,0
1.9625616887083386,0.32882745204913266,1
-0.359206949,0.8854761474920223,0
0.334577662,0.9544138403832738,0
0.878519384,0.019461793,0
0.40280940928909614,-0.249219361,1
-0.647628884,0.7077809886445261,0
1.981030706222456,0.42004975263550726,1
0.8784147357730273,0.22978345204470776,0
-0.687731381,0.8340432550909805,0
0.5472086847774322,0.8809816882513731,0
0.8991367607806084,0.5686557103431771,0
-0.782219842,0.5700227978398846,0
0.022862883,0.37847958843748686,1
0.062807851,0.20636708700701306,1
0.8153886104724302,-0.481832458,1
1.851839299120915,-0.048457379,1
-0.736114192,0.6772581270649181,0
1.9482163120780283,0.4004003264835111,1
-0.041443199,0.38071487555869027,1
1.9023872752246522,0.055178495947640786,1
0.026660034878439355,0.9862046935897112,0
0.29674655981162074,0.9205530536111279,0
-0.208759766,0.9326427405372357,0
0.1458824967097992,0.9566002094210037,0
1.9740248749276255,0.39522811611130204,1
0.027802945551062996,0.3755098907172072,1
1.021867386486033,-0.53408612,1
-0.262460841,0.9551147384707672,0
-0.775076264,0.6963195539460234,0
-0.733802834,0.5641213906689239,0
0.2059854193217066,-0.125798799,1
2.085706107386984,0.5164531523218032,1
1.407870773589932,-0.326112371,1
1.182710849218387,-0.447880891,1
0.643050064,0.8236355948124324,0
-1.066862593,0.1857248315738805,0
0.007907362,0.23110862711646074,1
0.4417956063804095,-0.291172,1
0.8013732309951657,-0.446737401,1
0.926584001,0.2711718170566156,0
-0.035063962,1.0856304932797178,0
-0.65005171,0.6757888381588248,0
0.5037677036487009,-0.24371726,1
0.5997362821075514,0.8054093225257869,0
1.1826188577493562,-0.417155243,1
-0.04841561,0.32336992231096645,1
-0.625694498,0.7980958410936742,0
0.06120566,0.42538193227267646,1
-0.940221035,0.38160455970943935,0
0.952168409,0.4362683789502193,0
1.8168065776925102,-0.107617881,1
1.3969141955699917,-0.417329406,1
0.15152560943684135,-0.138917323,1
-0.93616583,0.3374966017342781,0
1.8627639175693533,-0.124351267,1
-0.85521766,0.47127036527557287,0
0.6309510062159388,-0.406664357,1
1.847939128,0.10233556390646442,1
0.9785517293506539,-0.568561324,1
0.41010519127461315,0.9668995260783021,0
-0.978513296,0.1474047642919602,0
-0.066377534,1.0285383424288015,0
-0.8995302,0.5233433998452737,0
0.9984930779681428,0.12230531850039991,0
1.0270181116668968,0.019532448430716862,0
0.1877208045739701,0.9707971519933437,0
1.218480104505359,-0.488181085,1
0.26983830324635205,-0.237957019,1
2.022502623102989,0.44582387615153163,1
0.6882655323118835,0.7346897576769637,0
1.7574459498327573,-0.188305074,1
0.9889825478977569,0.13309770938785875,0
2.010231369431566,0.3843122827810425,1
0.5379644543987403,-0.449952334,1
0.085049694,0.3426947128137974,1
-0.87826219,0.5016713139903728,0
0.077570158,0.20200034630882868,1
0.095108234,0.080765118,1
-0.890173168,0.524035575,0
0.15436425557879913,0.099891673,1
0.43458500984141696,0.8380962056448589,0
1.038700331408061,0.09377883,0
0.1604228116299514,1.0177413205519996,0
-0.881920446,0.7760808980105061,0
0.9440778572079174,0.20795841548388486,0
0.8175459610553724,0.4089738698121479,0
0.16898735176260105,0.8984772175916319,0
1.029818623175917,0.21496551574374015,0
0.053803738,0.2919945217144537,1
0.6488346832019756,0.7359619253960512,0
0.8577557199218876,0.40926384720438036,0
0.14659122526531157,0.10643954243303683,1
0.004201083,0.03560716,1
0.9456560965636863,0.3060931151366102,0
1.9219574063858138,0.013726786,1
-1.008409261,0.17649390721051716,0
1.0153398410393186,0.21457741275428455,0
1.5544207129392613,-0.286799403,1
-0.616180681,0.7725752527963283,0
0.15730649043559627,-0.056228152,1
0.9312731726043204,-0.513135222,1
1.5164790526226033,-0.356319352,1
0.018242581163931428,0.33531542368598327,1
-0.64955724,0.8477032916943736,0
1.0555647280671547,-0.433106639,1
-0.848506925,0.572376018,0
-0.352117025,0.919840506,0
1.3670212680389584,-0.558008264,1
1.7180296241458657,-0.259419958,1
1.963864419843208,0.23965235131677234,1
0.4149159167285109,-0.308250484,1
1.0182487419962531,0.24088857542927133,0
0.21142637902188016,-0.081827103,1
0.8722758312329453,0.4670446078701895,0
-0.910455574,0.410986532,0
-1.025715391,0.13733071526251006,0
0.6688759432398815,0.6856374504882099,0
0.4213398242851042,0.8849125300392903,0
-1.033042592,0.23166582411505773,0
0.000467835,0.9079142070204399,0
-0.562994009,0.7344216234258474,0
0.072387291,0.17310277239509733,1
-0.1094926,0.41406606861564466,1
0.7297346672976265,0.7159395092016164,0
2.0071145577245337,0.39253440948403906,1
0.9310911208661931,0.4931930408355647,0
0.9242350905802003,0.16620400703114685,0
0.5094571657153273,-0.367981429,1
0.6454786346929847,0.7516060814763151,0
0.074884501,0.15490080289293667,1
1.0131772709843423,0.27343937571553045,0
-0.574018075,0.6478316038730959,0
1.018115027436192,-0.597883403,1
1.014142460646365,-0.483518505,1
1.9710483875246259,0.3811749358216471,1
0.24116904490037955,-0.059453984,1
0.722294764,0.8405579087017292,0
0.8547137218116201,0.6356485671302667,0
0.9859397183673911,-0.427237615,1
0.9351911160274977,0.2318717656041284,0
1.3798520046685416,-0.448552726,1
0.9335795355195268,0.47686436773638985,0
-0.717423603,0.8166405882654291,0
1.711128365244299,-0.135747675,1
-0.438464088,0.8801603850761027,0
0.7712774248138726,0.6432277556195146,0
0.47290256338554115,0.8376937159569743,0
0.21800981495782118,0.9384560451754687,0
-0.261607606,0.9484988109499828,0
-0.949467568,0.003311343,0
0.097480786,1.0154700740325653,0
0.8846887055888564,0.38405476527958526,0
0.062591028,0.40421599756185583,1
-0.990496393,0.048285425925228345,0
0.099402253,0.18981256852075737,1
0.3203124845711078,-0.23907216,1
0.9335380730567829,0.48167746565833025,0
-0.248347704,0.9556569544783227,0
0.9716247720265312,0.30736096663330026,0
1.718853243744341,-0.106592004,1
0.9305646897415901,-0.481273769,1
1.7926305705278498,-0.052199776,1
0.3189573663918485,1.0768141691991833,0
1.5824212846587127,-0.270011568,1
1.495080642442727,-0.391399186,1
-0.983464471,0.013723704597239893,0
-0.062425409,0.9622428936951465,0
0.532243471,0.9271809792525778,0
1.4899087738089896,-0.418764668,1
0.5044989604343295,0.9478207238283222,0
0.33778113706535345,0.8575046005498074,0
0.9794165927309747,0.443355398,0
1.393804285371091,-0.308711793,1
-0.841854012,0.2645235879777653,0
0.43019380322428413,0.9361412222344919,0
0.8753638007388812,-0.516328511,1
0.8413728821320446,-0.489988389,1
0.9910501838826248,0.2967679644627076,0
0.9593958660496315,0.3394094880591606,0
0.1528532380161053,0.13915803881886002,1
1.0227508477101435,0.082089584,0
0.982400012,-0.495410397,1
-0.267024523,0.9367134753269876,0
-0.278368896,0.9714535974027887,0
-0.137119831,0.4411542216515453,1
-0.892168906,0.1649620937551377,0
0.1104489985749682,-0.007501029,1
1.5334775188536345,-0.351369487,1
0.1877700141644143,-0.100571172,1
0.6210423651126168,-0.395473201,1
0.8779415737432938,0.2987883401581468,0
1.0183523420244733,0.42679363827391154,0
-0.012479205,0.098345444,1
0.9279025915190382,0.3818278421045138,0
-0.430545707,0.937983949,0
0.2144568036652033,-0.081473789,1
-1.037334371,0.3060550120417516,0
0.42453134534480697,-0.257833995,1
1.4918895914408314,-0.416167082,1
-0.212433978,0.9474723622172477,0
0.053482991929752255,0.4043568497157417,1
-0.851843544,0.4481146426151984,0
1.1399574952137839,-0.50237872,1
0.22313758590073363,-0.129260588,1
1.2835127868108867,-0.594099898,1
-0.100139599,1.059498385118734,0
1.7005165217790308,-0.298269282,1
0.24031189975571499,-0.315899734,1
2.0472225967625297,0.3909867186793987,1
0.9049215908948234,0.41482578576398904,0
-0.758101355,0.5583075823418596,0
2.023463051993161,0.3438162033564366,1
-0.899476108,0.24111875298985125,0
0.4189650331069722,-0.33754358,1
0.3174752441430987,-0.231660202,1
0.9417392008537876,0.2856012546373146,0
0.4102690942393386,0.954401446,0
-0.062419425,0.4552785865662451,1
1.8577484558188022,0.03153472,1
0.5736578896074027,0.8261951986998718,0
0.6089519587480883,0.6969752548744435,0
0.8349023620569165,0.5822708553245938,0
1.8861087393154998,-0.01477849,1
-0.004348881,0.9981115151232006,0
1.4022494829974363,-0.49904984,1
0.9597352592737157,0.44303327703532025,0
1.1620789633888196,-0.60536229,1
0.5785314651444726,0.8433961243197536,0
1.97843176,0.3273865516854734,1
0.5493828624162337,-0.360835085,1
0.8962213015331395,0.065289812,0
-0.228808814,0.9225527893639915,0
0.205337521,0.065893432,1
-0.99799171,0.15424690309085617,0
0.4355888050533524,0.851506305,0
-0.834227713,0.5636672136439291,0
-0.000839298,0.9586548207679564,0
0.8562844969922445,-0.48574384,1
1.3863141984174305,-0.475433636,1
-0.673822063,0.760606913,0
1.7045138684224561,-0.302461392,1
0.037976459,0.082220752,1
-0.239167119,1.005605790238119,0
-0.996169579,0.2054098778293415,0
1.874905389189587,0.06124417,1
0.8235840918455319,0.5878222461849549,0
-0.491453731,0.8412596838359061,0
0.9437025144946634,-0.458031448,1
-0.947735757,0.057942888985702865,0
1.8405769382820234,0.1216034122604734,1
-1.010279124,0.093630536,0
-0.604749571,0.7891324050843511,0
0.7826151125976183,0.7297314185509269,0
1.9641507616981049,0.36079753138124154,1
-0.989653792,0.2332201915830072,0
0.2817123273518798,-0.248889398,1
0.7408000841506691,-0.294180979,1
0.23105249246377965,-0.099695874,1
0.1702728260119109,-0.082184819,1
2.087448194838582,0.41696677495187395,1
0.9326610527958422,0.024996528356203328,0
0.14151076409564128,0.070501345,1
-0.923399662,0.3389049653243752,0
1.187677975342986,-0.634618397,1
0.035795537623116866,0.9926266842400054,0
0.044790761,0.43651517619788827,1
-1.042531382,0.1315415479619506,0
0.16705996175483961,0.9753489208786172,0
0.741673164,-0.467972915,1
1.1539143429763468,-0.515376314,1
0.9490705682550935,-0.446906244,1
0.43127419375022247,0.895415926,0
1.1272118456915432,-0.386668703,1
0.070813361,1.137450382837916,0
0.9768611358298486,-0.55241912,1
0.2909428942951576,-0.215758032,1
0.9067126040295633,0.5059504699428241,0
-0.647615788,0.7267971596970899,0
1.0321749214654035,-0.532871171,1
0.4637877598179177,-0.281502284,1
1.0118142226100157,-0.479280519,1
2.0290788705063876,0.19941119535074697,1
-0.308723073,0.8774874321144616,0
-0.650538335,0.8674523565918603,0
1.2526257340231581,-0.431304936,1
0.6350614683720464,0.8264772089277949,0
0.6572125274961386,-0.399111499,1
0.5954953698393819,0.8975287540475435,0
1.5516040587000444,-0.285251941,1
1.8871774033803344,0.18812749292887615,1
0.6259428365138278,0.8037427034422139,0
1.0271353841316244,0.44631537189029646,0
0.8794246418863534,0.6180188570818463,0
0.043812549,0.15821049061839004,1
0.19164307804531838,-0.034071791,1
0.40194799592496666,-0.330211346,1
-0.916256932,0.34777635909927457,0
1.1450745228919579,-0.493221059,1
-0.653527211,0.7617060445107806,0
0.17702711171872382,-0.089194776,1
0.8389239094619543,0.45500414102576103,0
0.9027675667174713,-0.575790614,1
0.09551573,0.21636648761064559,1
-0.15782444,1.061170512591164,0
0.030659656,0.9280672363422019,0
-0.549559355,0.9311446907953391,0
1.2012968750573931,-0.458289726,1
-0.479660702,0.8855706637441053,0
2.1214088115426217,0.3950629948783118,1
0.06126677,0.9353673548495302,0
-0.06301262,1.053805768,0
0.9484132710101745,0.055668025,0
0.062537396,0.9427012873718232,0
0.089356005,-0.144310498,1
0.019749115372318986,0.1701857227069452,1
2.0058749997104486,0.19487053566435908,1
-0.451109049,0.9328950273233811,0
1.6895347079542138,-0.2010385,1
0.955835993,0.28472313653394754,0
-0.822174269,0.37732838702027877,0
1.7334901869337511,-0.039960803,1
0.6895250858161708,-0.601814088,1
1.8511072084678444,0.041173226,1
0.7511850349602492,0.6962301504886513,0
-0.26449837,0.9325289514996935,0
0.8397060109902207,0.5082773335732729,0
1.2354971315105128,-0.47128216,1
-0.602199568,0.757307065,0
0.13654547760162827,0.096077858,1
-1.055421898,0.13096651584238744,0
0.9342450751183695,0.34187683653188305,0
2.0108226261181525,0.29257497599706916,1
0.7338520572297225,0.6682937557514175,0
0.034663399,-0.103122701,1
0.6434089135609198,-0.409123229,1
0.033311631,0.35629901,1
-0.15419283,1.0347579148988049,0
0.5173799188647371,0.9208535689229782,0
0.9669848255688316,0.2703700316788869,0
0.034317706,0.23771527020909455,1
0.833812143,0.5311088818616425,0
0.3156368387943989,0.9462526877247436,0
1.8877970397392578,0.24241393519402882,1
0.24373881619434232,1.0615643955585474,0
2.0113325198620604,0.3537964278974135,1
0.9011318256346381,-0.424236005,1
-0.486397049,0.8763922795977295,0
1.8592033418921559,-0.005571494,1
0.092979716,0.11172960261827411,1
0.1252983757705868,1.0694066739649963,0
-0.501880776,0.8317764605650387,0
1.8038165736793488,0.011118762,1
0.1889932024446087,1.0040709295839638,0
-0.169121918,0.8887611696299528,0
0.7528037425931522,0.703263398,0
0.9883101570296726,0.053558188266517606,0
-0.564850291,0.7904345765011722,0
0.7065329586192052,0.7249805474385349,0
1.778024346324319,-0.221358134,1
1.8146702734164541,0.007481157,1
0.24853426733656614,-0.27987032,1
1.8447691130792154,-0.036210389,1
0.7346680491545976,0.6370400952197397,0
0.7912058109846142,0.6870526594550497,0
-0.971830946,0.41393910574915943,0
0.8236834861745961,0.6578109233150717,0
-0.620196537,0.7679601524422109,0
1.3546997668777974,-0.38009933,1
1.9129801672817526,0.10604849398893543,1
0.17228961373598375,-0.079240498,1
-0.526713342,0.8577446470576774,0
0.3726099373062037,-0.354214551,1
0.9621870045147471,0.24947430294748132,0
1.5104825040886651,-0.377981619,1
-0.672601561,0.6087403205915471,0
0.092132569,0.5293476145591688,1
-0.966539322,0.3929180938708997,0
0.058313139,0.1357303269291496,1
0.5200936334160999,0.9158328232649616,0
-0.951189006,0.072833177,0
0.7099455402622104,0.7855454446721722,0
0.8327745503983842,0.6303114094276637,0
0.8703009398164718,0.5217307615505009,0
1.7096439464504725,-0.200801093,1
0.563422756,0.7822552548890328,0
1.4059641765236266,-0.397511783,1
0.28179116571151885,-0.138750657,1
0.7561043315461708,0.6905857918359354,0
1.0543388131154652,0.26477434856212223,0
-1.073747609,0.2834232193020114,0
0.8644918636244469,0.4776963207301116,0
1.0492367294821066,0.11486292563164716,0
-0.818014786,0.7301009255363645,0
0.4863294490269804,-0.437319767,1
1.9173781752828467,-0.080724508,1
2.004059486363648,0.3274091886683007,1
-0.468584824,0.9047439479587865,0
-0.448165087,0.8936826232527931,0
0.1867952932752836,-0.13730775,1
0.29057918472907773,-0.281821508,1
1.0020421497261547,0.12923031960120454,0
0.5713848573867593,-0.334989837,1
1.3479594340121293,-0.429826027,1
1.053967125546098,0.28734180054642083,0
0.14516809500233163,-0.002554287,1
1.8098655808313255,0.021248975,1
0.092193874,1.036878432951199,0
-0.513869708,0.8335239712100629,0
0.12174840332098785,0.036397647,1
1.793398059985359,-0.206284119,1
-0.020389364,0.953884472,0
-0.961872144,0.040187160787543946,0
-0.958544538,0.17168728521575966,0
1.7402129179188583,-0.191076214,1
-0.250713181,0.9353026941651661,0
0.45830548089073925,0.9187756791003359,0
0.8882418125911014,0.3325491835231037,0
0.23236180320944647,-0.167076292,1
0.5049155276187102,0.8569266464468389,0
-0.231012862,0.9667406365745672,0
-0.157602199,0.9434389393331212,0
-0.858712287,0.6252715470222734,0
0.7273359034905691,0.6495375315996662,0
0.9134770724376502,0.042592945,0
1.6402506775911467,-0.262436961,1
1.3997937975618622,-0.43925596,1
0.22502463227506048,1.0440446140621051,0
1.7731145591901876,-0.141066333,1
0.21197679779602918,0.067944076,1
-0.908249747,0.606588166,0
0.9548527631877868,0.28553094471799617,0
1.6353661938966546,-0.36699907,1
0.31376700161473925,0.9379477190844376,0
1.4126129561683924,-0.454481482,1
0.092841974,-0.011535986,1
1.023636666821567,-0.522544925,1
1.941317572319947,0.12112996580049304,1
0.39002728293278666,0.9542623659056617,0
0.9646924847344545,0.12889530368757166,0
-0.894275278,0.30752016654761466,0
1.7694205988119631,-0.144676284,1
0.8940995716700375,-0.494196623,1
0.3543658724552475,-0.271959244,1
-1.02671293,0.002537938,0
0.6861138080127763,0.7920770727016849,0
0.22114134888343542,-0.122194796,1
-0.298869259,0.964302384,0
-0.888662677,0.2700688153832057,0
-0.051287229,0.4049201374880146,1
1.808640732196634,-0.125595953,1
-0.988746239,0.091817606,0
-0.105712934,1.0022127269860586,0
0.028265588,0.2111265835395248,1
-0.899903367,0.5274588000118573,0
0.9038133266337486,0.46661187508281515,0
-0.156565406,0.9519511895842677,0
2.0135855471706634,0.29768957339801444,1
0.3129087982624681,-0.355514271,1
-0.818531989,0.5585517123213392,0
2.0578853675553197,0.2417192910548741,1
1.0007561805348997,0.2622340007005641,0
0.12400649927263308,0.064652527,1
1.0493018030363919,-0.508723482,1
1.8906976759595011,0.248832269,1
0.009614915,0.5007267963216033,1
-0.450797399,0.9445472037173804,0
0.9807502691403394,0.069989374,0
-0.07540764,1.0148173335458905,0
0.3901710882484873,1.0083411960404505,0
-0.992519443,0.1686636499222143,0
1.393312988336263,-0.365817483,1
1.9211880691032186,0.084752368,1
-1.022324522,0.2600791879222929,0
0.12062364755997626,0.10421891103246717,1
0.7730721983824834,0.6258906078015531,0
0.18635600874691582,-0.061894415,1
1.208034355828375,-0.453761022,1
0.45109996146680925,0.9330236695724015,0
0.1715671325595178,1.0280807073090101,0
1.9113773043797997,0.11033676051151521,1
0.7237304618642415,-0.414565409,1
-0.591513909,0.8761726635286875,0
0.5300275304159243,-0.385084826,1
0.094682419,0.35300869628666504,1
1.710809646520508,-0.173976546,1
0.039299095,0.39181646235643186,1
0.8289769009612167,-0.441012647,1
-0.612552069,0.7789609200240136,0
1.0732580349688317,0.095630637,0
0.081330145,0.9880009622003055,0
1.5153322229110908,-0.283290198,1
0.164674236,0.9979828807790782,0
-0.240586808,0.9574348078392831,0
-0.355869082,0.908797328,0
0.6103997485064994,0.8161095026531114,0
0.22987585986097336,-0.043014277,1
1.2392398378190117,-0.429922274,1
0.5064367035676504,-0.435910653,1
1.9623964079406506,0.3316106530407389,1
0.929833011,0.30439486920257924,0
0.5035153953525037,-0.368908394,1
0.7295452920967986,-0.529725196,1
-1.088199052,0.18731616329777293,0
0.42925924149573513,-0.407430233,1
0.7874640765036091,0.5685991843265426,0
1.609987084266173,-0.349684863,1
2.0150803797709993,0.5292526936481056,1
-0.006487697,0.32385884985210095,1
-0.758970016,0.729900918,0
-1.059829829,0.17102225587910422,0
1.445045264636313,-0.329165697,1
-0.461748913,0.9008703220206994,0
-0.691247635,0.7647511349748871,0
0.049699033,0.32923956210431304,1
-0.598560521,0.8979100521078667,0
-0.920070151,0.4343341491189261,0
0.9527610661464202,-0.483055209,1
1.9395186871840164,0.37416311041358813,1
0.08845306,0.2595938616625419,1
0.9582129762631151,0.4554927036793006,0
-1.116175316,-0.030596107,0
0.7703811180075477,-0.514597558,1
0.050535197,0.035536865,1
0.8873388109379751,0.4259086898515152,0
-0.855353429,0.3667513439493053,0
-0.840700956,0.5156634441710234,0
0.077230721,0.9714135828512714,0
0.40303327433749486,0.8906281581737081,0
-0.891464601,0.3586013590282719,0
0.28028846072329877,-0.186722479,1
1.0543339773655402e-05,0.1541685416326117,1
0.10813479171732165,0.031131314497456968,1
1.0031387130113507,0.22534107092031053,0
1.5847948542376424,-0.309188987,1
0.4203184727788962,-0.27665925,1
0.13041814901405205,-0.003425381,1
0.007538418,0.367895263,1
2.0782134759473014,0.5205513327409363,1
1.0018387870194037,-0.038486077,0
0.4540599891155453,-0.388376548,1
1.6395161437396621,-0.29163269,1
0.432263081,0.8817980350539434,0
1.7743306478360794,-0.16655443,1
1.9211762593009494,0.21454524065174016,1
-0.222729883,0.8964202566959397,0
0.526658623,-0.344899981,1
0.7960184894163571,-0.391827181,1
0.090930529,0.2352787196591854,1
1.7505841395082427,-0.153546052,1
0.31779020688193915,0.9435239479308584,0
1.290416771949746,-0.461438859,1
0.20287458950973614,0.8800729844554751,0
0.8070728235710413,0.5806111303342375,0
-0.726801303,0.7303921223621509,0
1.032045090279888,0.17924014609497516,0
1.8724252151243213,0.089276386,1
-1.032190385,0.077984659,0
0.075242103,0.11880749871461842,1
0.9741835063705144,-0.481104221,1
-0.38277015,0.8644102414748811,0
0.42312205988806517,-0.19573449,1
-0.907726752,0.24421391035886894,0
-0.04053763,0.9595872030091156,0
-0.428477418,0.8463494300062318,0
0.14237315066472733,0.8707511265955209,0
1.0738132096526263,0.1349041921044927,0
-0.851763803,0.26981614939502674,0
0.9864172258636397,0.12714072420423284,0
0.16352673185633448,-0.114846919,1
0.062575393,0.14042296245347774,1
1.7125410613366394,-0.097295519,1
-0.179205425,0.828751271,0
0.2712548803507373,-0.209542956,1
-0.596936915,0.8084661303207751,0
0.014742419,0.5912921267859066,1
0.7339407563335397,-0.48011728,1
0.5510381543623399,0.8533008714106685,0
1.068510441494037,-0.563385318,1
-0.052457279,0.3961643520577748,1
-0.520247506,0.9173312293186544,0
0.8170374767465044,0.5672208701820739,0
0.3850804240674456,-0.335653952,1
0.041883781349495795,0.069433262,1
-0.863821379,0.4817879900167451,0
-0.942529895,0.28465142697485585,0
-0.651810817,0.680516309,0
2.0132171185896683,0.24460829437762419,1
1.1121577747846183,0.064881198,0
0.8404278539655253,0.570734247,0
0.2824273670509585,-0.111979562,1
0.4661830696910024,-0.42722073,1
2.010909748380899,0.39006111074784333,1
0.7055591085911067,0.7086035695835423,0
0.9811738863315131,-0.454442276,1
0.4911029936835719,-0.294404147,1
1.9116837035139016,0.3749320927805777,1
1.494308837,-0.355319552,1
-0.836608355,0.591655091,0
0.720135502,0.6326848303283596,0
0.3077482366480087,0.942145972,0
-0.492013067,0.7135405978500002,0
1.7478802197756238,-0.216135351,1
1.453032996396287,-0.307769654,1
1.4863692795912413,-0.407086726,1
-0.620350796,0.835533906,0
0.7754638541348019,-0.426810241,1
-0.435172365,0.9704836665803609,0
0.7638872998429176,0.5446538896144542,0
1.2347992111740742,-0.459717807,1
0.9944732352498906,0.083452817,0
0.7770515306663316,-0.426986746,1
-0.671940511,0.6524291627425194,0
-0.934091725,0.27214935929833506,0
1.426555138510273,-0.35787791,1
0.5224820989188169,-0.332752995,1
1.7675399929933846,-0.128005213,1
0.3697301975555066,-0.318222999,1
1.9686318528821038,0.10017746801589111,1
0.38032796937156804,0.9186861218566849,0
0.075603244,0.34065475328596023,1
0.5827384992396325,0.7121756129125356,0
0.9622981355112405,0.14404903474720954,0
-0.245151138,0.8906742050547009,0
1.8941937983795327,0.3345211435437451,1
0.5202462810577362,0.7714462209937052,0
1.0216122332215347,0.21468189220843972,0
-1.037535101,-0.002238015,0
0.6689794900081051,-0.453127851,1
-0.38404164,0.9602937792776204,0
1.5665730590372529,-0.376061849,1
2.0780947548096087,0.44146468,1
-1.021558572,0.26391214173106065,0
1.9244874603976325,0.051440586110426754,1
-0.872337396,0.43667477093199025,0
2.026376200660245,0.1698988221823904,1
1.356451028780917,-0.380526259,1
1.1448528417390642,-0.472654559,1
1.5125771301539583,-0.339785114,1
1.919576845886675,0.17842979880573334,1
0.093617211,0.3042940303776617,1
0.8216797034744152,0.5338608207041576,0
0.4039658465168716,-0.286548345,1
1.2147923921621198,-0.470082463,1
-0.004882988,0.20649454101694872,1
1.5662822220928005,-0.266466249,1
0.2142214350687987,0.066226254,1
0.11152351872987414,-0.178411967,1
0.6898144178895864,0.5355483272046514,0
1.8310924109306295,0.016296235135316774,1
-0.560689715,0.820442849,0
1.053115016972636,-0.584495833,1
1.6920724656596233,-0.204325005,1
0.898001123,0.4225550502236492,0
-0.700218243,0.6770704331270196,0
1.715157629104816,-0.170373213,1
1.0610462771861597,-0.52269856,1
0.9890182281415129,0.12748685806799523,0
0.8500840030291297,0.6765273215405063,0
-0.132747438,0.9783953882177238,0
1.990092275046587,0.36334078487878074,1
0.629958201,0.8098883223486866,0
1.9658583541180972,0.2808822059514382,1
0.9730811346175485,-0.598745045,1
0.9277901257029458,0.034145177,0
0.6043310646125802,-0.42712791,1
1.7819130964484875,-0.074380632,1
0.6844887665767458,-0.494190809,1
-0.377756395,1.0065414824382901,0
0.5649270268914609,0.7939604221773544,0
0.17460838083207153,-0.004453548,1
1.7158324951377357,-0.242602854,1
0.067704479,0.038998483,1
1.972770621105058,0.1289246366619799,1
-0.804073769,0.4242116675381369,0
0.11239449173090776,0.979123939,0
1.7076826746698213,-0.292261768,1
0.4413188588885586,0.8225667991290108,0
0.7765037465611532,0.5475989377320241,0
-0.435909374,0.917852163,0
-1.01900628,0.36591488828464647,0
1.992470513886898,0.4431884927257362,1
1.919457277916407,0.13327008,1
-0.691869093,0.7401579172123558,0
0.28770498770529435,-0.157790487,1
-0.492730928,0.9345610629694612,0
1.8333058084434743,-0.002863997,1
1.265448217351477,-0.553176487,1
0.7753309672750819,0.615493899,0
-0.198334545,1.0643639253393054,0
0.32708106597767667,-0.226248318,1
1.9174569364901841,0.046244401,1
-0.876813851,0.5061286381725584,0
-0.388487053,0.9157737672206284,0
0.5783494138699103,0.770964879,0
1.1398218517521324,-0.582219308,1
1.302086911106803,-0.511631478,1
-0.797898064,0.5947799756395271,0
0.7792836764998692,0.5894376958897132,0
0.007952652,0.47744214424072684,1
0.48230526223194786,-0.384511528,1
0.734983299,0.698998732,0
0.24068316759903732,-0.079631136,1
0.3723587397826574,0.9237707482026336,0
0.33783918709999344,0.9666801441960603,0
1.779639020714711,-0.038329721,1
-0.099846364,0.9678986653735195,0
0.8921090826740693,0.42235452017537156,0
1.3228492952669701,-0.478383587,1
0.6458636491733247,0.8218245208125763,0
0.1362066010933276,0.21450326557823118,1
0.4901464345526816,0.9036145023490243,0
1.9539158798425653,0.18489748697423336,1
1.9241688236241359,0.21543259918229712,1
1.1875473409853654,-0.455618789,1
-0.04835114,1.0011842657553174,0
1.763372591762991,-0.202142968,1
0.14055876539279044,0.031425080047504605,1
0.6265495788944725,0.6802485940259861,0
-0.926672,0.5415427763099189,0
1.0518007783093115,0.080967793,0
0.8583066539335233,0.4578706250192197,0
-0.913108003,0.24394058251396028,0
1.9850286244692932,0.3001624240333163,1
0.2828043132802701,-0.255901236,1
1.6348006639993344,-0.246121059,1
1.6966753664853838,-0.311762102,1
1.8550585569247722,0.008107755,1
-0.284220658,0.987344738,0
1.0853823053620002,-0.559911652,1
1.4931950436184402,-0.401890458,1
-0.962480189,0.38875063465739856,0
1.8316859534910601,-0.009607197,1
1.475462346874541,-0.288180873,1
1.7345787389946477,-0.071622995,1
0.24189218694355916,0.9007075457549636,0
-0.920153004,0.3579358503490262,0
-0.956491237,0.1539211711444101,0
1.6217633131845615,-0.3080825,1
0.37532353760046505,-0.350989789,1
-0.830095005,0.48101536075977575,0
-0.89771759,0.4613704405014502,0
1.6559059159476468,-0.23952085,1
1.5054304409793409,-0.420514951,1
1.9428572327958245,0.41020164932395903,1
1.4987167066515161,-0.38365128,1
1.816758433934515,0.074956256,1
-0.035036353,0.31160685298269747,1
-0.991766274,0.463421304,0
0.6042918189773342,-0.366494699,1
-0.766573012,0.7658913856896107,0
-1.000967781,0.2228180805471062,0
-0.770032565,0.6402935694812952,0
0.9097804238374103,-0.434203691,1
1.6598614742162248,-0.397442274,1
1.2084749865039912,-0.462909759,1
-0.606202614,0.8297259100534692,0
0.7745102052495946,-0.425029622,1
-0.609261317,0.8515395160407679,0
1.207951098289528,-0.383805671,1
-1.020640785,0.043450631,0
1.838282166455834,-0.001842824,1
-0.410201368,0.7999332313096164,0
0.9711292428407923,0.45100348212465846,0
0.5844767047441254,-0.398380886,1
-0.752486198,0.7371122039717884,0
1.5696796756200309,-0.37972308,1
-1.019143004,0.021389689559570522,0
0.090594412,-0.024563575,1
0.2047944953193005,-0.069705927,1
0.6458616920632125,-0.463815112,1
0.673131883,0.7704088714801498,0
-0.012696583,1.021337240351127,0
0.006847374,0.27950717427392524,1
0.16731445694719355,0.003529539,1
-0.102819464,0.9869515346183497,0
-0.017829346,0.4252132902499557,1
1.966154990282018,-0.045716909,1
1.4287052026255251,-0.31375325,1
0.5874635172213215,-0.441728814,1
-0.849225675,0.3628739582534707,0
-0.798320508,0.5458054363679832,0
0.38672146785727407,-0.248959772,1
-1.026336667,0.15305444552543232,0
-0.989433744,0.2937494577427167,0
0.9785881991704414,0.4685167171503993,0
0.012184583627456799,0.2985917102097545,1
-0.149713429,1.116474250137558,0
-0.470648734,0.8645817605439885,0
0.7931071747165727,-0.454572641,1
0.7384586572660264,-0.471008052,1
0.24913656312636503,-0.189812544,1
-0.04959591,0.4145763484416929,1
0.6282137268266899,0.6908952804775074,0
0.8454481239569336,0.5264135237058726,0
0.7090547580807502,-0.481264967,1
0.966331578,0.20159528551517797,0
0.5957885723249954,-0.370580698,1
0.5713552508260467,0.8303287567429715,0
-0.003157868,0.9670901587608117,0
0.428608877,1.001481184212885,0
-0.141732726,0.9621080138876689,0
-0.042194876,1.0465246263904993,0
-0.852059795,0.6966710669265002,0
1.0696722181859468,-0.452425221,1
0.9118813013931553,-0.492642984,1
-0.917392668,0.44827771043344833,0
1.2076840185334574,-0.507408459,1
1.8115588004826457,-0.046991473,1
-0.650724839,0.8643739389713418,0
0.9384815409263187,0.2548111485191633,0
1.0437574529902087,0.0398421,0
1.2686459698639985,-0.52493138,1
0.7968905095654893,-0.450880046,1
-0.477558736,0.8875374136691032,0
-0.083211666,1.0052219149161241,0
0.7007643721473971,0.6433932929347507,0
-0.032067544,0.4390377776423002,1
0.5865447308297821,0.6664285264466029,0
0.068569759,0.3217721888621674,1
0.6842750936738079,-0.372631724,1
0.2027615132263445,-0.028907394,1
0.11451672417540154,1.0078150721122825,0
-0.981977319,0.15260418038974974,0
0.28532716302992445,0.9998062469152018,0
0.5367832671289209,-0.364182955,1
1.5503110811870455,-0.174880533,1
-0.296492465,1.0877480960785861,0
2.041300932052265,0.45934396606880545,1
0.078404292,0.275758966,1
0.44687288399194525,0.9352004533042766,0
0.5212318231788897,-0.40575729,1
0.6119300182025359,0.7069784843766472,0
0.7868993063915715,0.6139695211916895,0
-1.045262022,0.1225550112659618,0
-0.096770171,1.0022755185865675,0
-0.993531014,0.17695019189192743,0
0.9768070434445456,-0.453134863,1
-0.751854527,0.7078718067077477,0
2.018744552851863,0.13044201301218883,1
0.6274241745219986,-0.378805666,1
0.6102421939539056,-0.392652492,1
1.9279050445582822,0.14095731096803973,1
0.8867153710713394,-0.494232724,1
0.6232910069289188,0.8080264362486651,0
0.9048736853163963,0.16617878706481015,0
0.022322063835706712,0.4076332891149854,1
-0.479918965,0.8329754406513185,0
2.0077092296737398,0.3136776490727403,1
1.876531616545292,0.10136042100326989,1
0.8610788042282701,0.38047546203919647,0
1.807789735386355,-0.045548456,1
0.1532519726002963,-0.1406034,1
-0.69444825,0.6979223315359668,0
1.8856188708400314,0.021073150642553738,1
0.067203428,0.39783641699914457,1
0.5945749640731092,0.7984928947839183,0
1.0439617642351477,0.07746948,0
0.2586378392268235,0.9912563719076298,0
-0.859021697,0.5252299463146481,0
0.033085643,0.9901897647874405,0
1.6528855245604406,-0.304588222,1
0.6931524615382241,0.6369425125452975,0
0.053329522,0.13149423119143078,1
1.0008411906513441,0.20826235480301408,0
-0.925050221,0.4977043561095441,0
1.2055200101915253,-0.45467346,1
0.045404009,0.098679704,1
1.586639520727292,-0.275691765,1
-0.620463488,0.6588670257442897,0
1.9744741288292842,0.2899544051536722,1
-0.996963577,0.2944009979298322,0
0.31986187463224103,-0.304404623,1
0.7417472884768019,0.7348149091914402,0
0.4307337707415077,-0.34240034,1
-0.913438261,0.2089097075777866,0
-0.419223281,0.8508545271746665,0
0.7060139473196239,-0.603047267,1
-0.374133687,0.9791946213129004,0
0.058027781773621535,0.17494801330645782,1
-0.916814868,0.018916005214375455,0
0.5184731888309411,0.9156038079932785,0
1.0906230296563617,0.12207498291847532,0
1.7872898847688834,-0.09478132,1
-0.320183465,0.9840665898299784,0
1.1684820419471074,-0.453227088,1
0.4245152768870176,0.9122196230580781,0
0.38665601549278433,-0.161685301,1
1.3774520615804102,-0.394229975,1
0.036286455,1.0071085763851706,0
-0.017931779,0.30213862189903684,1
1.8562933716528813,0.12795110680960303,1
0.14838959219663164,0.87403592,0
-0.062584559,0.4013861290158548,1
1.7284737154195378,-0.151961235,1
0.9106309218940966,0.5305727853255858,0
0.084081628,0.081710443,1
0.9222656056076095,-0.488886033,1
1.831116923586734,0.093908545,1
0.9182240500497606,0.41097832833236553,0
2.0334933841796725,0.3993989345231011,1
0.146621175,0.9668765585950052,0
1.552061580410458,-0.307852902,1
-0.422847153,0.9672649383969332,0
0.7873807807234637,0.46364448806300684,0
0.6223531501813011,-0.390072509,1
0.8120453245713011,-0.470887163,1
1.0231025648990855,-0.508506361,1
1.7361314542553135,-0.169758822,1
0.097342297,0.037518069,1
1.9106150402228523,0.33279774037728616,1
1.1039566953524804,-0.506416975,1
